paymentMethod_cvv,paymentMethod_cardNumber
072,3851-5091-0910-3233
843,1806-0516-9161-0248
139,3736-4512-9519-1106
326,9722-1273-8922-8441
881,6956-0396-6967-5121
940,1358-7602-1092-2868
870,0281-0505-7633-5320
464,7344-5165-6088-4412
957,5305-4116-5973-5642
744,4157-0170-0167-5515
268,5664-8874-4314-2181
460,4433-2467-1036-5225
001,1780-2694-2290-4307
194,9898-0301-5460-7856
037,6588-1673-9288-2548
250,0095-1434-8769-9009
391,2940-9676-8985-4042
116,6214-7196-0266-4544
607,5941-3079-1056-2907
393,5034-9216-6545-0076
019,2552-2592-3118-7314
075,5354-2178-8245-7802
309,5924-2850-6717-0480
782,4705-8426-8429-8098
992,5533-5794-3111-2777
557,4552-2881-6799-6273
845,8370-1316-7967-1971
611,8883-5581-1370-8118
468,7542-6774-6964-2731
899,7870-1198-6736-3386
864,3099-5065-7724-1443
535,9935-9147-7405-3231
207,4438-1431-3713-3477
308,9098-7971-0837-7509
721,2586-6564-4285-4906
650,3226-7989-2013-6723
288,4796-0098-1016-7183
781,6775-2687-6293-5985
596,7095-8405-4717-4901
194,2831-5981-8353-0787
529,3168-2436-3132-7920
906,9872-5213-2243-2684
605,6121-1479-1148-0273
607,2906-3343-3766-4917
346,0514-1518-1759-0922
542,2759-4806-0774-9969
111,3108-5730-5230-5606
996,9685-4821-8670-0055
325,7186-4439-3311-9523
451,6295-8308-2495-9674
022,8321-1939-6669-6494
861,1316-9612-9996-8243
051,3974-1912-5138-9723
211,8016-5059-6172-3771
525,7631-3294-0533-6026
745,3142-0688-2888-9336
518,2936-4621-3947-6156
063,5246-6080-2947-9533
227,7244-3683-9622-4544
475,8992-6666-0451-6470
936,5942-9232-2522-8530
007,9134-6744-5646-8068
696,3555-9356-1767-9568
572,8262-9037-5587-1783
398,0761-4896-4184-6689
836,1876-8303-8275-9016
376,5085-8231-8928-4449
275,8808-3722-6408-5414
320,7411-3091-5446-5600
563,0005-9210-4338-9467
854,8304-3745-6060-4498
373,2451-9566-2345-0731
408,6053-9709-4089-4508
350,2395-1052-8884-3279
205,2275-6178-8801-2736
540,2671-3870-1329-7294
799,6402-4864-8034-0081
823,1500-6068-8292-6968
349,2319-0220-6654-7461
559,4016-2040-0193-3853
935,1936-2111-2365-7209
186,1167-1839-0371-9248
005,9480-0255-6266-9240
104,5019-5772-9395-3314
673,9610-6656-6949-3786
509,1205-0443-8921-6859
909,3466-1719-2206-0532
939,4794-5396-5257-1821
891,3454-0009-6412-3644
359,6646-8817-2666-4163
774,0952-6001-4973-4557
966,9912-9565-1014-2164
331,6049-8563-6723-7671
077,0930-1568-2697-2591
331,9295-8493-8641-4828
852,7469-4410-9704-7879
967,2089-7838-6116-7814
714,8688-0271-7699-2613
916,1688-4719-0318-6437
033,2545-2145-1260-1684
715,9596-1297-7623-6404
861,6550-9617-2618-4785
897,6321-2363-6308-9555
638,2049-6787-8281-0490
680,3086-4463-5391-1432
145,5630-0869-7321-7297
304,6833-6375-6296-5995
739,8685-7116-1638-2008
844,4854-5630-3908-5817
129,5662-5840-7528-7312
275,6229-4908-4667-8839
999,9043-5178-7427-0761
457,0857-5242-3185-1400
216,5001-5694-4351-2610
446,7313-3620-2540-7038
946,7079-2812-0001-7851
486,4908-1158-9422-5364
454,6603-4369-7102-7889
558,5457-4811-8960-7027
835,9285-6783-9899-4249
661,0177-6615-3535-7186
010,2239-0534-5626-2947
254,0646-5039-0986-3276
605,8128-8456-1906-7593
905,9337-0552-2601-7652
159,6175-2565-0898-5554
347,1354-9787-2715-1816
244,2768-4396-6803-5280
957,3044-0792-4524-2813
734,4916-3106-9890-6527
782,8629-5279-3796-0580
815,2037-0550-5907-0670
603,5402-5482-0400-3394
227,6415-8665-0684-7697
507,4862-7127-0744-2566
787,7957-5406-1871-9478
055,0309-7558-3929-0323
064,0283-8779-9156-6507
500,5480-8120-0968-4163
949,2393-0050-5518-8149
287,1256-3487-4735-9667
692,2068-6038-7970-3050
209,4807-0820-6845-5532
406,4130-7537-8766-7116
868,7277-1570-1860-1343
218,9573-5771-2464-0514
984,9689-9259-5032-5054
729,1524-4869-0050-2384
154,7709-3117-6821-1162
778,4136-7921-1840-3066
757,1623-5046-8191-9848
134,5791-4945-3724-0206
328,1883-6544-4577-2518
112,6088-7224-9607-5403
179,9370-1007-3422-8127
843,5113-3162-5659-9979
813,6549-3097-6146-6816
723,1830-9207-7453-2170
704,6664-8703-9284-5699
326,4969-6519-7376-1545
209,5477-4641-0961-3373
347,2268-7802-7629-3327
066,5915-3090-1042-6353
636,9440-2409-8459-0223
514,5039-8856-1709-7573
700,1495-5853-2353-1509
994,3889-2202-1577-6610
329,5948-5600-4911-5160
969,0157-0567-4811-3857
957,0118-3092-6038-5092
370,1440-8031-9022-8036
852,6880-2910-6472-6366
429,4703-9290-3246-2747
775,1366-7553-0031-3061
266,3412-6944-9753-9069
007,5007-4147-9229-4158
069,4927-5796-7303-7585
475,4483-3238-4205-8153
075,0885-7075-0730-0112
941,9777-9715-4132-7856
672,7258-8503-7887-4410
740,7826-5718-6129-8571
127,2535-4432-7051-2343
159,6421-4992-9990-9951
706,5686-7228-3974-2816
067,0501-5726-8296-9336
151,5017-8101-8799-2664
356,1036-8525-5694-6039
511,6774-1399-7008-1211
693,6246-7247-1563-8657
756,3429-4710-8339-8302
303,3612-3362-7362-5574
246,9017-4280-0947-3062
549,8810-0817-2195-1842
560,9619-8224-3918-5194
263,5058-7457-7049-2332
170,5988-8145-8089-7089
117,9986-7685-8921-8785
563,2067-0558-5956-8442
368,6017-8951-4810-5567
175,9296-4659-2609-8263
066,6054-6082-7389-8696
705,4785-8616-1764-8537
963,3757-0478-0796-2199
766,1821-2552-2094-4830
769,3556-5412-9303-5193
352,0103-9901-3002-3060
839,4669-2999-5229-4946
972,4230-8501-1618-3508
701,6271-5551-9659-0779
064,1164-8277-4091-8007
407,1854-4769-5114-5868
703,7195-2546-7904-9487
317,4753-6496-7267-3358
165,4810-2676-9159-3848
425,4120-5673-0703-0771
834,7213-1689-2702-2476
609,7874-2445-2335-2028
443,1313-4966-8497-5083
590,0537-6118-0200-7376
131,0105-0969-0049-8375
221,0273-9438-0214-7626
104,2834-2213-3482-8893
584,8224-0201-1054-1133
461,7986-7999-7104-1553
439,2398-0574-7530-8780
112,4302-3962-7910-3637
314,0243-7789-9886-8532
771,5295-2055-5379-2345
599,8024-8273-8837-1304
368,5886-9773-4603-8801
598,3868-0558-7900-2471
442,2279-5956-6889-8579
629,5739-9004-6024-1401
128,6719-2750-6851-2439
137,8274-3493-7930-0942
646,7452-1501-1868-2801
276,8888-6621-0204-3778
106,0920-8585-1377-0582
578,4993-0348-2715-7324
355,1351-2942-1518-0719
509,1335-1518-7358-5481
298,5474-7713-9416-3833
478,2800-9852-6597-2480
066,3338-8898-5285-1266
587,0578-0587-7394-9474
185,7398-6238-4338-3598
832,3694-9589-0816-9446
982,8000-0157-4329-1926
117,5525-2525-9194-9438
899,4947-3237-3317-6696
185,6758-6210-1282-9551
219,3379-7016-8277-6755
880,9687-0210-8797-8591
296,2660-3942-0735-5980
517,4685-2777-3941-2930
295,6227-6951-9043-9139
016,3408-4544-3822-4467
527,5743-3810-1806-3372
359,7492-6509-7056-4027
882,0107-9114-3974-3301
838,2566-7529-3298-0747
743,5586-7373-3610-5840
576,8333-6782-0829-6606
942,8107-2290-7508-2956
288,2350-7544-5634-6892
511,4620-6025-4608-2954
322,3902-8142-5670-2323
287,5355-7915-1539-7195
706,1974-1933-6015-2330
742,7813-9439-0664-0388
020,7618-4263-5260-0385
675,2068-3595-2042-2849
903,6950-9210-3642-4056
154,6241-2572-5263-5226
665,5710-1043-7903-5713
341,4722-3057-7792-2288
956,0752-1386-5563-4292
654,8078-3864-0181-5529
115,6936-6671-0723-6297
127,9717-1479-5785-8236
368,3781-6517-8981-2172
218,1070-2222-2756-3258
156,9666-8423-6629-0750
892,4538-2938-6588-0141
042,9013-3817-2433-5574
988,7979-4757-5678-7730
915,4226-2340-9229-0498
991,5603-5891-6262-0892
780,1718-2303-3923-2110
403,0690-2512-5794-0486
490,9121-3118-2080-8005
661,5056-0483-3472-2623
189,4327-6775-3690-9246
842,5773-6052-9085-2661
783,2696-0248-6168-7004
236,6758-5104-1738-9346
952,8265-0877-0817-8066
780,9575-1273-4442-5236
882,3489-4960-4747-8827
656,8352-1094-9195-8633
365,4276-4822-0102-8658
002,2325-2334-8792-1071
205,4533-5838-9495-8703
715,0125-9124-7273-0406
401,6964-2576-5692-8548
982,6674-3607-2091-7284
861,5382-2885-0989-9594
302,5076-0296-1317-4893
722,9098-9360-5262-4817
004,9037-4597-0896-1921
007,9929-4575-1232-2675
634,9060-9240-6432-4274
488,4783-4113-4930-3362
701,2589-1642-8249-5865
422,9687-1809-2456-3656
019,5048-7639-1924-0960
841,1270-9590-4078-5816
621,5493-2471-5826-1918
843,7500-7270-0950-7131
348,4003-4085-6322-3027
714,4477-4353-9481-3335
373,7870-6810-8268-0010
587,4560-0129-8261-6090
601,4028-9341-8206-6036
675,1974-5443-5231-9624
455,3082-7178-5190-6082
211,6309-6871-4975-4905
243,2501-8646-8841-6339
463,7353-8246-1856-0851
712,8012-3690-2662-8016
377,5942-1201-7937-6998
369,8464-6287-6563-1240
038,6141-6653-1492-3858
745,5143-6859-7298-6153
844,9203-6301-5567-3373
363,6769-6395-3390-6251
247,8120-3559-9537-1301
094,9399-2658-1083-7698
084,7025-0993-6012-5159
950,2585-8650-2898-8233
594,2155-6222-3470-9929
935,5961-1311-2637-2071
946,0652-6459-8525-1689
791,0129-8704-5645-9208
358,9686-0856-0480-8081
227,1995-0800-1753-2810
237,6515-6332-2842-3115
703,1506-6766-7688-8400
003,0068-4283-9164-5460
130,2575-9434-8054-6651
389,2753-5225-9534-5417
488,9581-9598-8032-7661
125,3565-0412-6863-0832
916,1616-1609-3156-7655
694,1104-0783-4590-0828
651,2116-9775-3299-4898
664,4124-4039-7657-2911
208,7898-4738-0704-9405
870,9752-5076-9471-4769
529,0748-5103-1073-2459
599,5282-7772-4848-4370
247,1094-9981-1361-1378
715,2902-8422-1657-8317
100,9837-4626-8892-5802
807,9695-6572-1056-8152
697,8892-5493-0255-3832
533,1830-4600-9128-9537
118,4893-4563-1829-5999
638,3593-9880-6469-0956
506,2169-4134-9592-6781
735,6173-7825-5222-8531
583,3981-0415-6103-3293
525,5738-5969-6205-6391
206,8538-3780-0407-1824
180,7021-7036-7965-8176
604,5071-0181-9840-3960
401,8075-2142-3542-9612
245,0935-0867-9781-4597
703,8048-5329-5366-2466
993,6242-5967-0972-9267
213,9869-2334-5359-6237
034,6862-7395-1250-7986
928,1641-1153-1138-8553
852,8735-8247-3063-2309
962,5085-4274-4824-2281
780,5471-4631-4883-2820
015,2174-2747-0526-8745
671,1054-1057-0312-4708
803,0507-7737-2005-9414
722,3814-2480-5261-2796
724,6459-5840-9026-0673
498,6395-3148-2889-6722
386,5368-5580-1378-4704
978,0214-0558-6863-9897
850,2186-4421-7339-9178
727,5419-9385-2427-6310
884,5840-2239-2270-0324
234,6477-3049-3632-1453
700,8205-0006-1354-6763
554,2690-3885-0581-7859
950,4444-5759-4454-2375
492,0076-8382-3029-6021
614,2013-1427-2303-2264
058,2352-1942-9844-9956
554,3892-1417-4942-5266
364,8014-4490-0348-9045
758,5051-7952-5227-8724
738,8993-6038-8486-4146
440,6812-4063-3186-7716
896,8450-4030-8152-3497
090,8033-5950-5682-2938
020,4112-1435-4046-4142
947,7540-4845-7446-4978
145,5261-6442-0771-9658
320,7223-6995-3936-6552
586,4119-6451-1043-4691
788,4370-1725-8154-3539
661,8233-7820-6381-8301
568,4597-4849-1279-9768
285,7662-0994-4574-9537
323,3209-4401-6676-1952
216,5119-3792-1759-4703
635,4095-1104-8504-6198
953,3366-3419-0875-7866
206,0871-2011-3160-0446
464,8252-9886-4414-7107
266,4927-0916-9478-4132
477,0599-0382-6017-0048
931,7524-3583-6848-6545
874,3326-2458-4780-1932
320,4445-4659-6856-3885
031,0674-9115-5850-0251
702,3670-6305-9623-6581
364,3355-7048-2228-6029
724,5213-6227-3038-0354
701,3593-0335-1213-9261
507,2197-8575-4892-3647
381,8880-7098-9358-1976
146,5009-3258-7738-6276
516,1756-2632-9535-2068
541,2899-3309-0072-6601
616,0318-9479-9863-6156
698,1257-9605-5142-5936
300,7317-3440-5942-4086
878,9290-9084-3814-9743
830,8388-3244-0518-3443
562,1715-4396-0598-8991
276,7552-5837-8902-1143
121,1601-7701-4047-2610
914,3095-4460-0768-1513
806,6510-6430-6976-2150
639,3591-4098-6001-7410
727,1077-7313-1654-9705
552,4681-1861-5660-4404
971,1752-3041-6571-1781
349,3412-4863-5888-3615
935,4824-3107-7976-8466
588,0927-2943-8173-5729
712,4207-2981-7672-5826
342,8112-1179-2671-2514
083,2614-7408-7702-4620
100,1197-1261-9946-8506
489,9516-0539-4603-8421
751,5721-4468-2653-6370
974,8841-8990-5430-7382
958,5035-4299-0057-8299
552,7277-9060-0828-5665
974,4445-2752-2716-3321
639,5379-3187-4116-0661
760,6799-1004-9428-3588
609,0166-8970-6666-9045
321,4875-7714-1567-3704
521,8268-0225-0171-9086
071,3156-8124-8162-9399
019,4942-2896-4219-3413
864,5925-4980-2775-8398
600,3040-8688-9575-3242
161,2816-0176-5284-2739
543,9473-9341-4575-1973
457,0938-7715-8826-3630
803,5778-9094-5803-6472
353,0876-7272-1564-5481
155,5025-4559-1692-0147
250,5674-4019-9033-1740
901,6835-8924-1414-1166
200,5482-5038-7403-8474
985,7079-6435-9522-8779
751,9306-7469-8173-8795
360,8184-2097-4315-1236
645,8357-0242-3324-2931
204,0170-7133-7215-6995
363,6484-9111-7591-2628
664,5240-0372-3887-4754
262,2025-5090-6401-9459
053,9021-3558-3426-7748
597,7232-8623-2631-4966
072,2475-0785-0652-8415
986,3879-7639-0787-3928
029,0231-8107-4341-3657
370,6746-7702-1109-6100
611,4538-8082-8570-9052
624,4035-7212-1040-8891
233,3280-7779-2742-8136
657,2396-9321-3485-8079
302,5904-9762-4478-0592
248,2373-1365-8961-8669
773,7993-7455-0419-7128
626,6520-9360-5981-9856
342,0985-6660-5056-3856
971,3786-3593-7371-8963
444,4684-5415-4945-3920
183,6609-1066-1978-9929
534,2432-7387-4519-5679
344,5745-1525-4069-2999
883,2851-2428-5321-2455
869,3456-9539-7268-9664
284,7190-4378-5964-9747
806,7132-3644-7335-2357
563,8701-0055-6496-7485
194,1689-5799-6816-5647
302,4097-1223-6336-0119
499,6601-1266-4515-0591
845,4310-0009-9685-4022
921,3524-7511-6998-5021
782,3800-9958-3248-3138
045,8890-9709-6783-9841
033,2259-6423-9316-6729
977,6903-7809-3616-4696
449,2116-7223-9579-0332
586,3345-1754-0808-4734
053,1562-4409-3003-9917
474,9456-8808-3732-9253
033,3612-8410-0096-0532
283,3489-5501-9817-1936
221,8473-1589-9918-0181
235,7203-8699-8381-1150
219,5956-8971-5836-6896
479,7952-0585-4283-6244
255,0982-9782-9052-7804
300,9946-0954-3636-7881
808,1331-0697-0025-5049
633,3106-0526-9895-2631
211,3405-0065-1912-2301
946,3633-2055-0067-4699
067,8943-7201-1021-3575
325,8176-0010-4052-8943
834,6564-5468-8360-2565
322,6546-1050-7885-8169
082,7415-5877-9644-2781
221,8910-7453-9306-8959
934,0335-6692-8566-6183
162,6793-4470-1914-4766
382,3113-8941-2235-7787
359,8898-5779-5340-3862
170,2208-4758-7028-3034
497,1032-9295-6233-6409
121,0134-9077-4692-8837
977,8118-8102-5380-8691
863,5497-2420-9217-8954
374,6215-3812-4700-9352
592,6950-9611-6890-0381
351,0148-8218-7332-5117
234,1614-1736-6164-8925
788,2190-0867-1310-4338
156,7367-2331-7465-1442
103,6096-3346-0781-6374
093,8015-0187-3621-3239
395,3525-0566-3271-7467
715,6772-5675-8542-3744
353,6548-5610-9354-3098
680,1787-1874-3323-0798
288,2040-7063-7618-4430
306,4565-2210-0575-8030
889,1581-5475-4167-0892
484,2163-2453-2948-8923
191,9273-3022-0723-2284
783,0364-4964-3366-6221
853,8619-3858-8330-0624
873,6599-5856-3482-8722
924,9703-4328-2614-7293
617,7743-2721-8408-1096
104,5152-5620-4714-3256
459,6757-5980-0449-7488
241,6076-5669-5295-0318
353,9840-2907-6367-8655
741,7521-6366-2064-2263
308,1806-4397-1372-1491
184,2557-4304-1449-1583
579,8882-0462-1612-9022
418,4582-7453-1492-2640
896,8431-0810-1211-9462
156,6407-9634-9372-1587
934,6748-8544-2117-3901
055,5529-0611-9725-7733
186,8828-2621-6116-0266
999,7551-2518-0765-3677
629,9927-8678-2134-9071
444,4606-7180-8790-9797
332,7456-4999-6335-2252
904,5445-1695-7447-3156
879,3386-6605-3741-5189
851,2788-8085-0093-8060
113,0913-2988-6262-8557
266,3917-0670-3061-9315
392,3490-2590-8582-5201
117,9448-0482-1063-4456
849,0637-9227-2213-7594
727,4342-8319-6216-5708
850,7039-8845-4201-0007
193,1641-3659-1721-5017
642,1230-9695-0830-8454
121,9938-1040-9280-6130
370,8226-6496-9803-5960
225,6471-1444-5928-6964
282,4405-3245-8357-2211
113,7660-4421-4382-5859
132,5453-9986-1984-6270
320,2224-2802-7330-5784
106,9865-2942-9088-3138
049,6483-3571-9278-0096
687,2096-6666-2272-4066
945,1704-5646-9208-5492
080,3013-1693-4230-2873
574,3644-9564-1168-5397
905,2271-5501-0932-4711
653,0840-1313-3704-9285
053,6380-4282-3795-4292
561,7028-8861-6442-5582
780,4896-7220-5946-6774
708,1362-4118-0336-5853
693,3509-3857-5967-3748
348,1556-2190-2610-6378
255,5121-9928-2964-0164
564,1426-6248-5500-1925
128,1490-1518-2628-6000
082,4948-9599-1111-3208
627,5907-5269-7757-7501
394,0571-8519-1664-8300
686,6794-9822-7198-5839
842,2168-0368-1750-0365
364,4455-3367-2334-1111
232,4157-5984-4115-3095
786,6119-6984-1626-4628
901,3229-6377-9412-0976
120,2158-8543-1221-2640
393,1967-0667-2183-6648
726,4755-4491-3381-3887
742,5509-9126-0288-6737
411,3610-1268-8211-5118
725,7975-9489-6849-9780
604,5348-9051-0853-3682
447,3583-4950-1193-4318
493,3581-6622-1948-4489
923,0667-9371-5021-1104
846,3066-5625-0482-2873
028,2358-1285-0125-9276
680,1720-8436-7753-4842
301,6366-7747-2202-6257
890,6964-1611-0037-6261
160,6771-6910-1977-2555
544,9353-0657-4418-3802
558,4950-2289-8171-8272
038,6823-1120-2532-5619
711,7161-9657-3007-3217
606,0650-2159-7127-2247
537,9612-3141-1311-1447
376,6813-3836-6844-8463
965,6777-7036-5947-4979
350,6234-7978-2057-4408
559,3784-6624-0344-2754
158,5934-4585-6000-8884
294,7135-8026-6307-4948
555,3940-5838-6508-6334
350,7135-9391-7044-3448
364,5912-9781-6325-8401
956,0574-3423-1963-9092
141,7928-6641-2592-7779
323,3947-6946-1770-2816
935,9326-7488-9581-5990
887,5229-0426-2063-7800
067,5024-0742-8125-7205
462,9922-1975-2649-7888
568,5872-9099-0883-4507
648,9833-3510-5880-3593
535,5306-1666-9059-0240
560,0083-2439-9753-9388
210,0784-1780-8767-0561
109,2306-9560-6483-7139
024,2943-2087-9611-1277
406,7461-3338-3295-8330
705,0651-1611-5309-1178
983,6251-5692-5808-2722
264,7551-2749-6169-3830
551,6383-4674-3369-9779
120,1160-1610-8032-2381
861,8201-1424-3382-2937
657,0102-0009-4133-0506
149,2048-8155-3029-8712
573,1105-1841-5867-9390
959,0671-7750-7810-0194
035,0622-6365-9618-4702
367,1455-6272-6694-1403
534,7347-9242-2730-8075
527,6095-4402-4782-1833
852,4401-2549-2230-4795
854,8122-1566-2375-3711
136,2232-6223-9367-0013
684,6983-8366-2609-3856
100,7321-0523-5953-9459
705,1402-8133-6864-4487
199,3289-5309-6990-7129
957,2528-5348-5408-2040
472,8439-1281-6657-8930
298,8603-9303-2234-4050
372,6582-7486-6988-9320
852,7212-3629-3410-6658
594,3997-2073-5761-6876
033,7513-6798-8695-8395
786,9151-0775-8739-8039
689,9262-3199-5567-9276
502,7002-9696-2010-4985
245,9144-1197-6224-1248
152,7611-3165-4591-9647
319,7688-8570-3675-1722
493,6007-2619-2755-4623
406,3771-4052-0653-5456
663,7247-8456-0170-8988
534,7456-7637-1634-1545
336,4895-8910-1449-0837
198,8846-6070-9370-1309
172,1346-7014-1777-5865
742,8695-4291-4693-8345
970,8407-6712-9906-7128
810,0839-8506-5917-2103
078,2867-2080-3443-7981
002,9927-3117-7043-1758
175,2367-5371-5070-9185
909,0158-1664-7188-7191
062,7733-7156-7628-9414
998,4801-1298-4280-3570
586,2153-4842-6403-1029
401,2241-2392-0604-9224
929,4774-8932-4196-9040
406,5001-9715-5987-6320
096,3066-0913-9220-2422
562,3570-5468-9940-7956
075,7402-8367-0376-4651
684,3030-0040-4623-9097
252,6496-1937-2038-2683
331,6801-5222-6792-7945
378,0089-2738-5266-5960
738,5561-7338-4967-4900
257,9054-3996-9610-1552
405,9329-0392-0821-8882
360,8661-0587-5071-8212
855,5165-7154-2582-6832
375,6471-0015-3648-3626
074,3873-3595-9948-8381
703,2173-2192-9921-2073
617,6658-9569-5558-6473
886,0760-1232-3304-5645
141,5220-5740-2696-8446
726,8138-0961-2643-0754
694,2563-0703-8682-1585
855,6248-3260-2540-5248
788,7426-3386-5078-8577
800,5988-5141-5644-3001
229,9442-4780-7484-4502
485,4678-8090-8923-1226
784,4093-2714-0920-7570
743,7503-6753-2660-5912
664,9844-2644-9119-2274
098,6801-8817-5257-6604
107,9593-2055-9557-5684
352,1312-5512-4770-9950
689,5109-2557-5416-7968
097,4943-8979-9931-6527
544,5121-6103-0787-6447
265,9920-4798-0456-3032
349,5949-8771-6298-8816
794,5544-7745-2860-9967
698,3846-6304-1126-9501
569,2235-2208-8626-7894
709,9312-7315-3321-1936
813,4355-4197-1608-4534
036,1028-4028-4033-6836
849,9778-8561-3815-7016
410,1532-9475-2651-7233
487,4088-6333-4726-4905
521,4407-0057-5674-4649
248,7538-6996-4784-9823
718,6117-2170-7377-4746
707,3839-0421-0663-3123
092,4651-8993-7449-3152
544,3162-9194-3782-5304
196,4495-6924-1427-1256
223,4515-2162-1543-0867
943,0539-0775-4115-8142
007,1884-6352-8774-0790
366,9367-4519-4676-1044
160,7722-0059-8408-1237
331,3587-7796-8445-7367
253,4704-0857-1525-9442
632,8225-8943-7253-2998
061,9640-4559-3475-2398
804,8490-6053-4021-8999
688,8646-7737-5663-7427
165,5377-5131-9186-5782
747,9163-0675-5751-7614
679,9905-5529-2544-2696
225,4066-3145-4030-8736
253,2669-7119-4809-8931
705,0292-3782-9603-0275
707,0939-5602-9488-3971
176,9721-7608-2706-1487
245,9283-9191-2260-3318
286,8135-4387-4707-3325
911,4099-7325-1778-7289
089,1335-2084-3835-9882
271,4249-9779-5251-8855
668,4675-9800-3910-1917
740,6554-1374-4709-0398
125,2117-3879-9008-4989
922,5738-8996-1342-8882
924,5305-6224-2397-4596
200,0718-2316-2021-2762
204,2105-6995-4861-0203
719,6684-1717-4374-1290
168,2754-4574-7147-1862
510,6712-6883-3601-8478
047,2396-4158-6639-4672
507,4716-1860-3242-4424
379,5547-3869-4531-7780
978,3620-8860-8254-4373
880,8038-6240-4069-2272
855,7270-8790-4796-9198
481,2222-9174-4032-4906
517,0092-2696-2436-7165
656,1568-4128-4009-6869
018,1027-6645-0557-1881
759,9680-3875-9497-8704
135,6828-4154-1212-7815
640,3985-1515-5795-9682
131,1620-4166-1364-7966
633,6019-8974-6087-9471
327,8415-3724-7667-1039
058,4225-3048-0110-0298
785,4181-1381-2287-0900
299,0250-9557-2957-2195
136,7840-3446-0743-4704
759,4270-2492-2873-8760
547,4581-7740-5213-2503
895,9327-9988-3917-8582
125,9479-4782-2152-1193
461,8807-2277-0961-3319
585,0912-9243-6198-6454
420,7089-7748-0326-1829
891,9861-9150-0501-7946
262,8005-2198-6357-7688
029,0116-9185-1428-7440
683,9846-3648-0513-9088
717,7929-1906-3712-1725
604,4257-7576-9931-0642
067,9862-7486-4604-7379
963,8666-6225-9700-7539
287,8637-7295-1847-7463
885,6229-1185-8723-3015
000,6702-4661-6132-3642
869,7005-3844-9636-5116
412,9486-6895-4925-7727
063,9469-9225-9549-5253
676,0558-1553-1161-8457
069,2937-9278-6461-2773
360,8383-0206-0632-3977
022,0524-6520-8031-0032
741,0746-0081-6934-2088
808,8796-5855-9980-3449
223,2708-3150-3796-0178
179,7793-8865-1822-2344
954,1968-7355-4018-9706
450,0927-4465-8025-8048
504,7945-3896-6719-6276
432,6036-1528-3112-1251
235,2655-2980-4205-5814
175,0624-5432-2267-6149
805,8527-2085-1273-9640
252,5382-8017-8976-4424
224,2490-4585-3084-0266
375,4910-7183-1778-9235
064,2769-4631-2734-4067
868,0048-6808-7686-6251
108,1551-5143-2909-1799
328,9913-1213-8772-6134
101,4615-2137-7396-5872
320,3202-3382-0616-9643
615,9292-1925-5674-2550
480,5928-4005-2291-4566
514,0495-7801-7342-1994
863,8772-5813-9840-8552
692,2521-7759-9870-7977
722,3167-3485-6043-2252
647,1665-3033-8476-9650
328,2267-7625-7550-0206
145,7041-6224-5172-4423
573,6615-1516-8151-4242
157,5807-4345-1980-3986
031,3472-6977-3770-2846
623,9464-5424-8013-9584
060,3397-0843-0474-3363
284,1073-8375-8742-4887
703,7358-1402-5644-6433
192,6363-4383-2619-3704
715,0870-2934-3815-7822
833,9065-4946-0401-6841
997,8263-3748-6045-6431
814,3159-4622-2145-2614
731,3547-6290-8530-5001
697,3573-2102-3268-2862
353,8133-0308-2507-4135
997,1094-3915-0686-6666
832,9254-3369-0455-2184
877,7402-1301-5712-4072
062,2232-6162-5214-9686
424,5314-4213-1002-4151
099,8087-5424-8465-5306
719,8786-0376-5435-0785
750,6179-4318-7340-0244
764,8761-4891-2240-8029
714,4118-7613-8591-9244
420,7929-2661-8629-1956
981,0508-3561-5905-1776
581,5526-3772-5409-7087
314,3618-5973-0474-7136
104,0066-3234-0710-5117
985,1058-7750-8037-0531
547,2891-9575-3583-0994
094,7177-8166-0886-6127
481,2887-7455-0917-0840
725,1894-3246-7793-0645
845,3543-2850-1606-7215
255,1399-1624-9120-9795
782,1434-5629-3068-1592
453,4476-6880-2967-2943
541,5972-6292-3027-9914
966,2518-9142-5982-2872
281,7228-2395-9426-9457
308,8357-1974-3338-0577
631,3093-1226-2093-9364
328,2163-2738-1861-6078
278,8370-2563-8162-2400
424,0237-3045-7822-3834
584,6255-1005-7370-3103
878,4930-6729-5364-9891
199,5520-4294-6993-2513
245,7313-8654-4593-0457
195,5354-6700-6633-1289
258,6021-6538-1002-3453
935,0499-7887-7421-9819
886,4303-2184-2305-6854
813,7937-7325-4546-5511
416,2955-8987-4852-9065
506,8434-1840-7506-5158
536,2360-3859-3286-5616
239,2435-1122-7229-0746
905,0631-1030-9322-5300
187,4808-0301-9225-3548
074,4576-4682-7548-7114
955,1855-1346-6872-6420
670,6584-3581-5819-1173
662,2180-4548-5586-6566
601,0962-4089-1841-6060
457,4175-0204-3550-7650
943,8004-0592-3091-9581
411,0747-6579-1790-4878
825,7312-6158-4723-0788
901,7815-1607-1438-2635
049,5814-2321-6088-4350
185,5208-5696-6893-5986
162,8742-8933-3485-8144
063,8039-3512-2173-1094
484,1161-2179-3641-3189
571,2659-5561-4748-4243
052,5033-1838-5308-1455
556,8456-4713-9213-1776
006,4645-5410-5743-0726
611,6326-3511-7830-8676
491,1574-1123-7356-4993
207,9980-3049-0976-7755
185,1648-9864-2730-8447
178,6236-8048-4359-0471
349,6961-7415-0053-2040
613,1564-9425-9751-3043
632,6726-4980-4554-2722
143,6631-1423-4215-8080
229,3831-8835-6799-8207
553,6906-8408-2908-4715
084,6006-6060-2575-1168
887,9241-7323-4047-8777
564,7659-3869-2678-2319
